,Geneid,minuslog10pval,SPT5_T0vsSPT5_T15.padj,log2FC
0,Interval_1,3.866549148349748,0.000135972427695009,1.9214331324299498
2,Interval_3,0.02892133578237304,0.935575120509568,-0.21647990348466398
3,Interval_4,0.09988664189431806,0.794535594707396,0.7052826470170909
4,Interval_5,0.05772095966431984,0.8755461453014208,-0.28264372601061893
5,Interval_6,0.10436522998326526,0.7863841835811759,0.5615350208152521
6,Interval_7,0.037849887471861104,0.916537233603784,0.22920838318906697
8,Interval_9,0.02704309639896911,0.939630063509792,0.0832339536204004
10,Interval_11,2.6861514182945485,0.0020599115926521697,1.56849099831359
13,Interval_14,0.05182329600642008,0.887517047954534,0.36599194841599003
14,Interval_15,0.6266462240546764,0.23624018602895397,1.10336860437608
16,Interval_17,0.3916620765412046,0.405824183420193,1.38938212609793
17,Interval_18,0.31164406882857343,0.48792821361158506,0.9904438887260899
19,Interval_20,0.09018550992258177,0.8124833878163101,0.382219469877874
21,Interval_22,0.019598025270964988,0.955876918229606,0.145899189946314
22,Interval_23,3.323697399910757,0.00047457253441373,2.16054474963944
24,Interval_25,1.3787072471420379,0.0418112116187397,1.37607316775917
26,Interval_27,0.030356006917294284,0.9324895919160491,-0.282459795770507
27,Interval_28,0.10436522998326526,0.7863841835811759,0.542017213853597
28,Interval_29,0.45388921460763854,0.35165013250237304,0.92293358724595
29,Interval_30,0.2804125730150898,0.5243091380471839,0.967797844448386
31,Interval_32,0.06784601098734137,0.855369950044209,0.44031270594839794
33,Interval_34,0.5018882072413038,0.31485586876551697,1.06071479099748
34,Interval_35,0.10122587451731646,0.7920892614329259,-0.621899443262692
36,Interval_37,0.0019282240582765096,0.995569941812442,0.0043385751759649396
38,Interval_39,0.0827141566561589,0.826581809055639,0.34939264630011
39,Interval_40,0.02892133578237304,0.935575120509568,0.13716895745079302
40,Interval_41,0.08003877604464088,0.8316895102712059,-0.419162935744313
41,Interval_42,0.11991933251313174,0.758718489161278,0.34874226946587705
42,Interval_43,0.06784601098734137,0.855369950044209,0.306652470913065
45,Interval_46,0.08003877604464088,0.8316895102712059,-0.38476925103455895
47,Interval_48,0.02704309639896911,0.939630063509792,0.108561731961965
50,Interval_51,0.500879654120447,0.315587901721253,1.22237843767863
53,Interval_54,0.04993965333325846,0.8913747890286929,0.34200910513632105
54,Interval_55,0.6357296871647881,0.231350430956803,1.23047787494781
56,Interval_57,0.6892059621752137,0.204547434979428,-2.04208185483211
62,Interval_63,0.03505907521057975,0.922445942266058,0.29284457950409004
63,Interval_64,0.010042702331154106,0.9771411380957941,-0.0504334748361606
67,Interval_68,0.2804125730150898,0.5243091380471839,-0.8250760139049851
68,Interval_69,0.03553173554186168,0.921442552979181,0.23409232069256
69,Interval_70,0.26709625310745566,0.540634488320271,-0.7235854594286341
70,Interval_71,0.004793309938598145,0.989023680255364,0.0229620347059063
71,Interval_72,0.02704309639896911,0.939630063509792,-0.11597855799203201
72,Interval_73,0.02892133578237304,0.935575120509568,-0.217745340527948
73,Interval_74,0.07980537522495353,0.832136601340863,-0.38717736698785
75,Interval_76,0.04541562299272432,0.9007087401653159,-0.258974676422904
76,Interval_77,1.6890393866465634,0.0204625905081438,-2.08243627747134
77,Interval_78,0.06401704792041785,0.8629446728238911,-0.321497571010609
78,Interval_79,0.0019282240582765096,0.995569941812442,-0.0035087885535217103
82,Interval_83,0.19547306412939405,0.63756862317531,-0.551155167586207
84,Interval_85,0.04923078932878989,0.8928308965305971,-0.236184091226115
87,Interval_88,0.8699079995547822,0.13492486756123598,-1.19021688519889
89,Interval_90,0.029616319116492918,0.9340791559744699,-0.259057099901474
93,Interval_94,0.23936365405284774,0.5762837133656129,0.5312220580275171
94,Interval_95,0.10186370868314217,0.790926799567374,-0.6548245024300661
95,Interval_96,0.02892133578237304,0.935575120509568,0.176850830081742
96,Interval_97,0.029613190422108433,0.9340858851843921,-0.247159564826203
97,Interval_98,0.05772095966431984,0.8755461453014208,-0.40316147333044394
98,Interval_99,0.4290153882726629,0.37237851160478597,-1.07318260491272
99,Interval_100,0.03372523896342174,0.9252833792003399,-0.276151149612347
100,Interval_101,0.03372523896342174,0.9252833792003399,0.27714054510287894
101,Interval_102,0.004793309938598145,0.989023680255364,-0.0249411071741213
102,Interval_103,0.02704309639896911,0.939630063509792,-0.0907932695382224
103,Interval_104,0.06784601098734137,0.855369950044209,0.326251615211243
104,Interval_105,0.17190957950605928,0.6731167852043269,-0.7299021486211209
106,Interval_107,0.010042702331154106,0.9771411380957941,0.0722202479251311
107,Interval_108,0.24025407199353915,0.575103390545968,1.1165891915133201
108,Interval_109,0.055926906994958704,0.8791704712880508,-0.339975864669035
109,Interval_110,0.0827141566561589,0.826581809055639,0.5281955568597511
110,Interval_111,0.044322205204403296,0.9029793003825551,0.210321968615064
111,Interval_112,0.0827141566561589,0.826581809055639,-0.589626123126425
112,Interval_113,0.1077575827674521,0.7802655225211221,0.550039975520689
113,Interval_114,0.03774344412937686,0.916761899694048,-0.27757579321424297
119,Interval_120,0.08205485407738379,0.8278375961035579,-0.48936425535306893
122,Interval_123,0.1526561147693053,0.7036292505944051,0.9248313385784179
123,Interval_124,0.850574845340958,0.141066910394578,1.6611556458568701
128,Interval_129,0.33697817545540654,0.460279703376759,1.43496805522634
131,Interval_132,0.02704309639896911,0.939630063509792,-0.12539330993182002
132,Interval_133,0.500879654120447,0.315587901721253,-1.69937679021506
133,Interval_134,0.07263439375587576,0.8459907338761741,0.579869409688942
134,Interval_135,1.13879530674706,0.0726448268996279,1.8674362437444898
135,Interval_136,0.04671022815342989,0.8980277806375658,-0.21645248604293696
137,Interval_138,0.1316927298459401,0.738426493672532,0.7221292067739169
140,Interval_141,0.26709625310745566,0.540634488320271,0.541802047139249
141,Interval_142,0.6298325868054595,0.23451326501673397,1.7584953427375098
142,Interval_143,0.26879009916399016,0.53852999900461,1.08243897203456
145,Interval_146,0.09988664189431806,0.794535594707396,0.380201232858921
147,Interval_148,0.16963594869860543,0.67664994569905,0.5614503964688671
150,Interval_151,0.02704309639896911,0.939630063509792,0.225926814901876
151,Interval_152,0.500879654120447,0.315587901721253,0.997470144500086
154,Interval_155,0.17806539219113202,0.663643137411668,-0.879561069953894
157,Interval_158,0.07204344610405908,0.8471426631459391,0.43998203378454404
158,Interval_159,0.1436449393398766,0.71838136924601,0.502861476104678
159,Interval_160,0.08003877604464088,0.8316895102712059,0.43596200080314296
161,Interval_162,0.04541562299272432,0.9007087401653159,0.38130704900991796
164,Interval_165,0.0827141566561589,0.826581809055639,0.652024294537678
167,Interval_168,1.6397836176334133,0.0229200933633674,1.4235571266876499
168,Interval_169,1.3155357128461438,0.0483575497350951,1.5535996138994599
169,Interval_170,0.13767046104021474,0.7283322472316339,0.871537364945483
177,Interval_178,3.1203119538899178,0.000758032884120602,-2.30952082122948
180,Interval_181,0.585810734354068,0.259531015252766,-1.37931346776155
184,Interval_185,0.055926906994958704,0.8791704712880508,0.35386004741030397
185,Interval_186,0.03769402947987787,0.9168662161133578,-0.20061659843055699
187,Interval_188,0.15292578508288315,0.70319247548024,-0.9428693195976271
191,Interval_192,0.06784601098734137,0.855369950044209,-0.45214480431172704
192,Interval_193,0.7170456169955811,0.19184672200186398,1.46577347904399
193,Interval_194,0.02704309639896911,0.939630063509792,-0.149281504548509
194,Interval_195,0.02704309639896911,0.939630063509792,0.163890322924615
197,Interval_198,0.029613190422108433,0.9340858851843921,-0.17319270247625998
198,Interval_199,0.16905150420578055,0.677561148960813,-0.6707029104745931
204,Interval_205,0.07784107985036026,0.8359088440284659,-0.43235516769377796
205,Interval_206,0.243997908722988,0.570167017824051,0.642953748196723
207,Interval_208,0.045256790353339654,0.9010382127153531,0.239316092847245
208,Interval_209,0.021156892043463434,0.9524520216382909,-0.0995533876509929
209,Interval_210,0.005121820122851773,0.9882758432152049,-0.0457479951323184
210,Interval_211,0.16905150420578055,0.677561148960813,0.548392865479328
212,Interval_213,0.02142220992069843,0.9518703302177169,-0.167826900312823
213,Interval_214,0.02704309639896911,0.939630063509792,0.142039703321891
214,Interval_215,0.06784601098734137,0.855369950044209,0.291589442961053
216,Interval_217,0.2115533488426179,0.614393554812344,0.720299171412638
219,Interval_220,0.15449316527293516,0.7006592094314389,-0.889377144897593
220,Interval_221,0.9051171206158076,0.12441790360929302,-0.720234014419637
221,Interval_222,0.02704309639896911,0.939630063509792,-0.21010097579110498
223,Interval_224,0.07204344610405908,0.8471426631459391,-0.5571873745264929
225,Interval_226,0.01324179403223651,0.969969784913939,-0.0618855595979487
228,Interval_229,0.11743689341911376,0.763067763164432,0.6601315479051
229,Interval_230,0.2804125730150898,0.5243091380471839,-1.07977309326786
231,Interval_232,0.08709462331687079,0.818286481893399,0.595985257720549
232,Interval_233,0.18152570655573894,0.658376458478769,-1.03722792997166
236,Interval_237,0.03307257404276566,0.926674955725721,0.278581831366363
237,Interval_238,0.6134007786699697,0.24355621784588397,-0.9115605374309921
238,Interval_239,0.029616319116492918,0.9340791559744699,0.205146075912686
239,Interval_240,0.15970450629134042,0.692301852478025,-0.9648692314457679
240,Interval_241,0.04923078932878989,0.8928308965305971,-0.35747746743171604
241,Interval_242,0.08003877604464088,0.8316895102712059,-0.31327218407461
243,Interval_244,0.021156892043463434,0.9524520216382909,0.10765323985992899
247,Interval_248,0.021156892043463434,0.9524520216382909,0.0788634986545525
248,Interval_249,2.6299069527100407,0.00234473111851635,-2.5131199659333903
250,Interval_251,1.636744950470161,0.0230810227749261,-4.01174723254707
251,Interval_252,0.07367666843517168,0.8439628529558321,-0.260435392463021
253,Interval_254,1.9533183286906521,0.0111347807847145,-1.9045617308691698
255,Interval_256,0.021156892043463434,0.9524520216382909,0.155670993960327
260,Interval_261,0.20607071351325204,0.622198968069923,-0.5909503308930439
263,Interval_264,0.002340219295442933,0.9946259381510469,-0.0091114168618245
265,Interval_266,0.7218544268700182,0.18973417932046105,-1.67802226181703
267,Interval_268,0.06401704792041785,0.8629446728238911,0.37765320901433796
269,Interval_270,0.06784601098734137,0.855369950044209,0.333421713034177
271,Interval_272,0.25582435907584294,0.554850064586082,-0.736097777160091
274,Interval_275,0.47371875235128086,0.335955107211252,-1.1125954898958001
276,Interval_277,0.02704309639896911,0.939630063509792,0.136559343788514
277,Interval_278,0.10122587451731646,0.7920892614329259,0.474602083179339
278,Interval_279,0.010012555206809975,0.977208969991146,-0.0708263873062344
279,Interval_280,0.04230352858351951,0.9071862757202042,0.21576866627562802
281,Interval_282,1.9415392222388863,0.0114409154933428,-2.08100373383522
282,Interval_283,0.010042702331154106,0.9771411380957941,-0.0822114666835284
284,Interval_285,0.02704309639896911,0.939630063509792,0.122455211961506
285,Interval_286,0.06610618217134505,0.858803523968524,0.503751781670898
286,Interval_287,0.10122587451731646,0.7920892614329259,0.435954609866533
287,Interval_288,0.015221572814902305,0.9655581349473961,0.0858872445106046
288,Interval_289,0.4113978194037305,0.387794977993161,-1.30804008096697
290,Interval_291,0.05072132183458523,0.889771883704678,-0.4253154392863929
291,Interval_292,0.044322205204403296,0.9029793003825551,0.287761282684034
295,Interval_296,0.02704309639896911,0.939630063509792,0.14571082988373
302,Interval_303,0.26879009916399016,0.53852999900461,-1.03213499782121
303,Interval_304,0.10436522998326526,0.7863841835811759,0.415787142094729
306,Interval_307,0.0436542319097577,0.9043692101689741,-0.36144483040804104
308,Interval_309,0.08205485407738379,0.8278375961035579,-0.550864247782732
312,Interval_313,0.25984769139283354,0.549733633579866,-1.2039607722962902
313,Interval_314,0.015221572814902305,0.9655581349473961,0.11010170897218802
314,Interval_315,0.02892133578237304,0.935575120509568,-0.11638426231806802
315,Interval_316,0.029616319116492918,0.9340791559744699,0.20852307097881898
317,Interval_318,0.002340219295442933,0.9946259381510469,0.0088603362424559
319,Interval_320,0.22483048911297412,0.595894683729937,-0.5886486926241751
321,Interval_322,0.10436522998326526,0.7863841835811759,0.503538064317895
326,Interval_327,0.19828042703890844,0.633460549185204,-0.8119997188347359
327,Interval_328,0.2248592746368987,0.59585518847283,0.816782383349222
328,Interval_329,0.26879009916399016,0.53852999900461,0.788423342419347
329,Interval_330,0.20517972174746738,0.623476772053445,-0.748450702861895
330,Interval_331,0.2777236847264268,0.527565412583399,-1.34882409264108
331,Interval_332,0.018266801265209867,0.958811421420141,0.0846946725381945
332,Interval_333,0.13836315344914976,0.727171495458344,0.597448318298897
334,Interval_335,0.003227428610626524,0.992596115786388,0.0176659195087569
335,Interval_336,0.044322205204403296,0.9029793003825551,-0.330658129076771
336,Interval_337,0.08003877604464088,0.8316895102712059,-0.337140187813016
337,Interval_338,0.044322205204403296,0.9029793003825551,-0.324897243073288
338,Interval_339,0.05182329600642008,0.887517047954534,-0.46201974282619
339,Interval_340,0.03474721012987906,0.923108584794077,0.29698612275177805
341,Interval_342,0.04541562299272432,0.9007087401653159,-0.325333983639632
342,Interval_343,0.0827141566561589,0.826581809055639,0.6744202133901259
343,Interval_344,0.22483048911297412,0.595894683729937,0.506276964125841
344,Interval_345,0.25984769139283354,0.549733633579866,-1.20262719683181
345,Interval_346,1.0013555983278948,0.0996883485941563,0.900061787152394
346,Interval_347,0.30953549960720494,0.49030294336648605,0.9013261445124351
347,Interval_348,0.029616319116492918,0.9340791559744699,-0.283758051375671
348,Interval_349,0.02704309639896911,0.939630063509792,0.21348521166705803
349,Interval_350,2.2325866333817155,0.005853469592329161,-1.720494836207
351,Interval_352,3.687846725842026,0.00020518862166704198,1.81369993064046
352,Interval_353,2.123971253010632,0.00751672647379957,3.2593274891389603
353,Interval_354,0.4630436704177698,0.34431530644753394,1.65059835143693
355,Interval_356,0.25984769139283354,0.549733633579866,-2.30195427341409
356,Interval_357,0.10436522998326526,0.7863841835811759,0.4339241870515471
361,Interval_362,0.04390853299274638,0.9038398118936071,0.20031436583637396
362,Interval_363,0.0862565108801204,0.819867156491798,0.6946244368904511
365,Interval_366,0.13264480221277883,0.736809467795497,-0.875050064045119
366,Interval_367,0.05772095966431984,0.8755461453014208,-0.432752638976123
367,Interval_368,0.015221572814902305,0.9655581349473961,0.0492622570213515
368,Interval_369,0.06784601098734137,0.855369950044209,0.4477300686833
370,Interval_371,0.0827141566561589,0.826581809055639,-0.702578879302178
371,Interval_372,0.25984769139283354,0.549733633579866,1.14896869830325
372,Interval_373,0.9025418471724442,0.125157866926169,-1.8445830036566102
374,Interval_375,0.04946478771378995,0.892349967752457,0.356764785512533
375,Interval_376,0.0827141566561589,0.826581809055639,-0.425446006547473
376,Interval_377,0.06784601098734137,0.855369950044209,-0.432128407100823
382,Interval_383,0.029616319116492918,0.9340791559744699,0.266665198599737
383,Interval_384,0.10786509684144945,0.780072383658853,0.463546836551492
384,Interval_385,0.25209337000868004,0.559637270806032,0.495507310457725
385,Interval_386,0.10436522998326526,0.7863841835811759,0.324662963235282
386,Interval_387,0.1098361174337851,0.776540091510989,0.378780380434219
387,Interval_388,0.018062955300653463,0.959261566940653,0.0763222113081641
390,Interval_391,0.06784601098734137,0.855369950044209,0.38094577629760207
392,Interval_393,0.05182329600642008,0.887517047954534,0.47895076471228293
393,Interval_394,0.06713483359814011,0.8567718055619921,-0.262250561181244
394,Interval_395,0.16905150420578055,0.677561148960813,0.928412887546611
395,Interval_396,1.340349726296228,0.0456720256289338,2.0501277499445503
401,Interval_402,0.02704309639896911,0.939630063509792,-0.11108562672232701
402,Interval_403,0.08003877604464088,0.8316895102712059,0.38820484789985
403,Interval_404,0.011311886029002398,0.9742897059969391,0.0601177682691483
404,Interval_405,0.044322205204403296,0.9029793003825551,0.261753072135582
406,Interval_407,0.044322205204403296,0.9029793003825551,0.3162765264124461
409,Interval_410,2.6084973885596083,0.00246321664966929,1.46309306857023
411,Interval_412,9.870024300797807,1.34888740395096e-10,2.828590181261
412,Interval_413,7.291778033834488,5.107659837188231e-08,2.43269809000844
413,Interval_414,1.7895321326007043,0.016235582221358,2.31781491337496
415,Interval_416,2.123971253010632,0.00751672647379957,3.1246426709665602
416,Interval_417,1.0013555983278948,0.0996883485941563,1.7156245649570399
417,Interval_418,0.850574845340958,0.141066910394578,1.87800206345296
419,Interval_420,7.291778033834488,5.107659837188231e-08,2.61844446957871
421,Interval_422,2.8659384833711337,0.00136163754105064,2.58095620025088
423,Interval_424,3.3743900173356964,0.000422289207906366,2.20021701264422
425,Interval_426,0.8844687053268023,0.130476198463709,1.33023515087696
427,Interval_428,0.0019282240582765096,0.995569941812442,0.00792596403814261
430,Interval_431,0.029616319116492918,0.9340791559744699,-0.16524875571775102
432,Interval_433,0.3100419137766696,0.4897315530771679,0.765195897249486
435,Interval_436,1.2278536443420534,0.0591761021885275,0.9283355911374229
436,Interval_437,0.33697817545540654,0.460279703376759,-1.39968048381168
437,Interval_438,0.6892059621752137,0.204547434979428,0.719775879999948
438,Interval_439,0.13867006329889944,0.7266577950440709,0.699996374676826
439,Interval_440,0.02892133578237304,0.935575120509568,-0.21235939615309696
440,Interval_441,0.06401704792041785,0.8629446728238911,-0.251747927870826
441,Interval_442,0.020944261419027627,0.9529184564231209,0.0795966178699051
443,Interval_444,0.045263839578484455,0.9010235876856959,0.379758685893201
445,Interval_446,1.0820867160476182,0.0827776864110837,0.952799893385015
448,Interval_449,0.15292578508288315,0.70319247548024,0.63541546185983
450,Interval_451,0.1966937997149023,0.635779031278741,-0.764923557871644
451,Interval_452,0.029616319116492918,0.9340791559744699,-0.270951433830438
452,Interval_453,0.044322205204403296,0.9029793003825551,-0.191877634398482
453,Interval_454,0.03138611934340166,0.9302804208150749,-0.23159679495008104
455,Interval_456,0.0827141566561589,0.826581809055639,-0.5062505188808061
456,Interval_457,0.08003877604464088,0.8316895102712059,-0.314007858073169
457,Interval_458,0.007863911770542641,0.982055626584638,-0.0589641291946299
459,Interval_460,0.15091442150970658,0.7064567490911869,0.5468233758195771
461,Interval_462,0.889168766866235,0.129071760319382,-1.5397678864609798
462,Interval_463,1.1735157391486817,0.0670631982069863,-2.8259589182843197
463,Interval_464,0.39575134334847667,0.40202092329238,1.17897362519086
464,Interval_465,0.1537932755019175,0.7017892711457839,0.5646630168786441
465,Interval_466,0.29042781279512775,0.5123564256283679,1.02191438321628
468,Interval_469,0.2614416357138206,0.547719703374362,-0.6242576293915371
469,Interval_470,0.046145757552027676,0.8991957435556001,0.21593753150629502
472,Interval_473,0.07204344610405908,0.8471426631459391,-0.480972792613583
474,Interval_475,0.02704309639896911,0.939630063509792,0.121193073219002
475,Interval_476,0.007941385457380832,0.98188045354563,0.0455693689462761
476,Interval_477,0.184904875336177,0.653273625220252,-0.5737868300154261
479,Interval_480,0.19547306412939405,0.63756862317531,-0.49420247956850893
480,Interval_481,0.02704309639896911,0.939630063509792,-0.115774917642907
481,Interval_482,0.19637362893360327,0.6362479134073871,-0.6925110570765141
482,Interval_483,0.018606540912210923,0.958061656253094,0.0752478910217776
483,Interval_484,0.044322205204403296,0.9029793003825551,0.268888001067474
484,Interval_485,0.0019282240582765096,0.995569941812442,0.005328564765282999
485,Interval_486,0.19637362893360327,0.6362479134073871,0.591381054132522
486,Interval_487,0.02704309639896911,0.939630063509792,-0.16546362852761198
487,Interval_488,0.4630436704177698,0.34431530644753394,1.66650890225695
489,Interval_490,0.06784601098734137,0.855369950044209,0.30675540070077
491,Interval_492,0.10786509684144945,0.780072383658853,0.610401685303585
492,Interval_493,0.05772095966431984,0.8755461453014208,0.500659171993807
493,Interval_494,0.47371875235128086,0.335955107211252,1.1624552889255801
494,Interval_495,0.25582435907584294,0.554850064586082,0.776857961001102
495,Interval_496,0.5984333141527851,0.252096424357202,0.732901243544515
496,Interval_497,0.020114608309392528,0.95474060113581,0.0708947428763756
497,Interval_498,0.16905150420578055,0.677561148960813,-0.6440223549788521
500,Interval_501,0.010042702331154106,0.9771411380957941,0.0576126897568603
502,Interval_503,0.5332197971150864,0.292941029089912,0.924134608572396
503,Interval_504,0.02892133578237304,0.935575120509568,0.25214451514736996
504,Interval_505,0.02704309639896911,0.939630063509792,-0.204467898768958
506,Interval_507,0.0193579316625938,0.9564055074648459,-0.08587062880121801
507,Interval_508,0.13836315344914976,0.727171495458344,-0.750867506515547
508,Interval_509,0.5482714662018111,0.28296227192173806,0.7037249316986741
509,Interval_510,3.3743900173356964,0.000422289207906366,1.6077949606064201
514,Interval_515,0.20607071351325204,0.622198968069923,0.790131601585943
515,Interval_516,0.06784601098734137,0.855369950044209,0.498198695134134
516,Interval_517,0.020944261419027627,0.9529184564231209,-0.131417857127906
517,Interval_518,0.04541562299272432,0.9007087401653159,0.390448273024826
518,Interval_519,0.029616319116492918,0.9340791559744699,0.19680572870085802
519,Interval_520,0.12172538044347371,0.755569849824182,0.507658736873346
520,Interval_521,0.31164406882857343,0.48792821361158506,0.705222042023632
523,Interval_524,1.4490751573370921,0.0355569779702183,-1.2225619836864199
524,Interval_525,1.2304475778831394,0.0588237113833326,-2.03068897614507
525,Interval_526,0.0827141566561589,0.826581809055639,0.29952972710478304
527,Interval_528,0.0827141566561589,0.826581809055639,0.625252202439839
530,Interval_531,1.0013555983278948,0.0996883485941563,1.05759160438549
531,Interval_532,0.889168766866235,0.129071760319382,0.7175597554408291
533,Interval_534,0.05772095966431984,0.8755461453014208,0.452542409562599
534,Interval_535,1.0256134605826104,0.0942728289024988,-1.4127062789054399
535,Interval_536,0.08284113777098355,0.826340164408793,0.5863258728709311
536,Interval_537,1.8618017526338078,0.013746693428383002,1.48463860794833
538,Interval_539,0.009210602862456226,0.979015115488071,-0.0415755888736048
540,Interval_541,0.05639162162570202,0.8782302224815629,0.42238685822492705
541,Interval_542,0.007956479834253941,0.981846327816032,-0.0493114614499182
542,Interval_543,1.1344263483785364,0.0733793147205085,1.64916075102365
543,Interval_544,0.09988664189431806,0.794535594707396,-0.7411028127759591
544,Interval_545,0.3916620765412046,0.405824183420193,-1.08129655248111
545,Interval_546,0.25582435907584294,0.554850064586082,0.978217438593918
546,Interval_547,0.2150711894103786,0.609436990338579,0.966781203117491
547,Interval_548,0.09374072968869235,0.805859389195043,0.525314909513496
550,Interval_551,0.0827141566561589,0.826581809055639,0.42307236332511106
553,Interval_554,0.24025407199353915,0.575103390545968,-0.587188547108631
554,Interval_555,0.2928504955741185,0.509506236692385,-1.00036602452626
555,Interval_556,0.044322205204403296,0.9029793003825551,-0.218892506301946
557,Interval_558,0.05772095966431984,0.8755461453014208,0.44359223548961296
558,Interval_559,0.0515966537836692,0.8879803311415442,-0.405049874483779
559,Interval_560,0.15292578508288315,0.70319247548024,0.8873385573625729
562,Interval_563,0.02704309639896911,0.939630063509792,-0.079011680445724
563,Interval_564,0.030356006917294284,0.9324895919160491,0.19583597426754298
568,Interval_569,0.05772095966431984,0.8755461453014208,-0.46272996533873
569,Interval_570,0.06784601098734137,0.855369950044209,-0.354853255179099
570,Interval_571,0.002340219295442933,0.9946259381510469,-0.0104548171225512
571,Interval_572,0.243997908722988,0.570167017824051,1.16051778926592
572,Interval_573,0.0515966537836692,0.8879803311415442,0.43465053562513395
573,Interval_574,0.25582435907584294,0.554850064586082,0.7438702205763391
574,Interval_575,0.4182009603090602,0.381767575334696,-0.661302104619371
576,Interval_577,0.9919248617027361,0.101876763216231,0.947286701958897
577,Interval_578,0.0045870171116477905,0.9894935848121958,0.0328992316855625
581,Interval_582,0.020944261419027627,0.9529184564231209,0.0740194272591106
583,Interval_584,0.09149126795744358,0.8100442284854141,0.47367434162156
584,Interval_585,0.2248592746368987,0.59585518847283,-0.8519473567823579
585,Interval_586,0.045263839578484455,0.9010235876856959,-0.224961943646406
586,Interval_587,0.06784601098734137,0.855369950044209,0.36209343455041104
588,Interval_589,0.5052730734343364,0.312411438496549,-1.5086194815000702
590,Interval_591,0.500879654120447,0.315587901721253,1.7377066203682
591,Interval_592,0.7824827694261447,0.165012646856227,0.9412486174960091
592,Interval_593,0.08125800670931324,0.829357914188767,-0.45983378641222705
593,Interval_594,0.23936365405284774,0.5762837133656129,-1.01107519465587
594,Interval_595,0.09988664189431806,0.794535594707396,-0.5308163893191961
599,Interval_600,0.08003877604464088,0.8316895102712059,-0.37347141250233895
600,Interval_601,0.4004754485142273,0.39767157696304406,1.2141835926836397
601,Interval_602,0.10436522998326526,0.7863841835811759,-0.744418808098715
602,Interval_603,0.06784601098734137,0.855369950044209,-0.531884326570595
604,Interval_605,0.04541562299272432,0.9007087401653159,0.320506227066907
605,Interval_606,0.3916620765412046,0.405824183420193,-1.49593729855856
606,Interval_607,0.10436522998326526,0.7863841835811759,-0.7653308803899941
607,Interval_608,1.1188976292029682,0.0760505520252032,-0.9364748873025881
609,Interval_610,0.5049432392064152,0.31264879616350605,-1.11864879196648
610,Interval_611,0.029616319116492918,0.9340791559744699,-0.127247476206976
612,Interval_613,0.12318763057930036,0.75303015777882,-1.0084999159494599
614,Interval_615,0.044322205204403296,0.9029793003825551,-0.21737923175106802
615,Interval_616,1.3015903167191414,0.0499355322512203,-1.57820718674187
616,Interval_617,0.06610618217134505,0.858803523968524,0.46031977019112696
617,Interval_618,0.269762162075795,0.5373259781146661,-0.8489479420841171
618,Interval_619,0.029616319116492918,0.9340791559744699,0.209665943301489
619,Interval_620,0.029616319116492918,0.9340791559744699,-0.19987080522035502
622,Interval_623,0.0862565108801204,0.819867156491798,0.444657786016825
623,Interval_624,0.14877185082816327,0.709950630427153,-0.544861582085761
624,Interval_625,0.04993965333325846,0.8913747890286929,0.272758406472951
625,Interval_626,0.3100419137766696,0.4897315530771679,-1.22163209162281
626,Interval_627,0.19547306412939405,0.63756862317531,-0.904999358539879
627,Interval_628,0.02704309639896911,0.939630063509792,-0.14205710657940002
629,Interval_630,0.05122009993462159,0.8887505859473459,-0.4265072524648621
630,Interval_631,0.002340219295442933,0.9946259381510469,-0.00834815858164808
632,Interval_633,0.029616319116492918,0.9340791559744699,-0.150572085935771
634,Interval_635,0.07267231103930825,0.8459168755346569,0.36616301282151403
636,Interval_637,0.2330512554779723,0.584721071233091,-0.551815208763593
637,Interval_638,0.05772095966431984,0.8755461453014208,0.497164485525048
640,Interval_641,0.005121820122851773,0.9882758432152049,-0.039918545365541
642,Interval_643,0.02704309639896911,0.939630063509792,0.0841683125553481
644,Interval_645,1.0013555983278948,0.0996883485941563,0.974515746438256
645,Interval_646,0.09988664189431806,0.794535594707396,-0.6689467529448211
646,Interval_647,0.044322205204403296,0.9029793003825551,0.148054259517914
647,Interval_648,0.0045870171116477905,0.9894935848121958,0.0317152385962145
648,Interval_649,0.0827141566561589,0.826581809055639,0.592263691646457
649,Interval_650,0.25209337000868004,0.559637270806032,0.670042420582447
653,Interval_654,0.26308676751933735,0.54564883523985,-1.2411505392509599
655,Interval_656,0.10436522998326526,0.7863841835811759,0.544016654445201
658,Interval_659,0.09988664189431806,0.794535594707396,-0.5234496621493
659,Interval_660,0.38471237946281545,0.412370529628525,-0.891680077337432
660,Interval_661,0.02142220992069843,0.9518703302177169,-0.0784315633973545
663,Interval_664,0.04541562299272432,0.9007087401653159,0.202486436444272
664,Interval_665,0.0827141566561589,0.826581809055639,-0.650662835130626
666,Interval_667,0.05182329600642008,0.887517047954534,0.278449234299485
667,Interval_668,0.06784601098734137,0.855369950044209,0.508419922876747
668,Interval_669,0.02704309639896911,0.939630063509792,0.154146532850155
673,Interval_674,1.9308880369861967,0.0117249760158903,1.33982612440221
674,Interval_675,3.057848455979755,0.000875289147968362,2.2268748798432596
675,Interval_676,0.11743689341911376,0.763067763164432,0.6225926220901099
676,Interval_677,0.19547306412939405,0.63756862317531,0.92251576383707
678,Interval_679,0.05772095966431984,0.8755461453014208,0.26236465304224105
679,Interval_680,0.02704309639896911,0.939630063509792,-0.16828587648059398
680,Interval_681,0.03505907521057975,0.922445942266058,0.154933451718915
684,Interval_685,0.13767046104021474,0.7283322472316339,0.49138533062258705
687,Interval_688,0.1332753570686536,0.7357404657856679,0.635028158930186
688,Interval_689,0.17450958934181368,0.6690990459914721,0.537758244527155
689,Interval_690,0.044322205204403296,0.9029793003825551,0.227433507163975
692,Interval_693,0.057925211921233476,0.875134465583836,0.5007189192582561
693,Interval_694,0.02704309639896911,0.939630063509792,0.213344333442869
694,Interval_695,0.0827141566561589,0.826581809055639,0.46581577732700197
695,Interval_696,0.2804125730150898,0.5243091380471839,-0.8721526316684691
696,Interval_697,1.4732986680496374,0.0336280227032796,-1.7869042639258603
699,Interval_700,0.03372523896342174,0.9252833792003399,-0.23671915258080703
701,Interval_702,0.42807761309066356,0.37318345994172103,-1.4225135512388798
703,Interval_704,0.0515966537836692,0.8879803311415442,-0.22608505636054502
705,Interval_706,0.2614416357138206,0.547719703374362,-0.8699784997100609
706,Interval_707,0.007045324012803314,0.983908417362711,0.0590129369273763
708,Interval_709,2.746661682656223,0.0017920012874579102,-1.8715833508528998
710,Interval_711,0.16678205618513767,0.681111077762077,-0.40897823019081103
711,Interval_712,0.010012555206809975,0.977208969991146,0.056632076254608
712,Interval_713,1.13879530674706,0.0726448268996279,-2.26492361673542
717,Interval_718,0.19174268750940476,0.643068612271449,-0.794490292664067
720,Interval_721,0.007045324012803314,0.983908417362711,-0.0340472726918219
724,Interval_725,0.25582435907584294,0.554850064586082,0.688070328148564
731,Interval_732,0.030356006917294284,0.9324895919160491,-0.205776262794315
733,Interval_734,1.7895321326007043,0.016235582221358,1.23019732611001
734,Interval_735,0.06610618217134505,0.858803523968524,-0.43056416729168395
735,Interval_736,0.16963594869860543,0.67664994569905,-0.892308352579356
736,Interval_737,0.16905150420578055,0.677561148960813,-0.9958856124727149
742,Interval_743,0.0827141566561589,0.826581809055639,0.42416915210118705
743,Interval_744,0.14906035223943667,0.7094791675121109,-0.8017697822171991
744,Interval_745,0.06610618217134505,0.858803523968524,-0.498214738470866
745,Interval_746,0.7016619250211492,0.198764158773088,1.85507661684517
746,Interval_747,1.4978235654552978,0.0317816495557746,1.31645000973396
747,Interval_748,0.2804125730150898,0.5243091380471839,2.09733586547157
749,Interval_750,1.2304475778831394,0.0588237113833326,-1.4705571186759698
751,Interval_752,0.05772095966431984,0.8755461453014208,-0.45426824853377507
752,Interval_753,0.06784601098734137,0.855369950044209,0.4996350538983
753,Interval_754,0.13468218263458373,0.7333610115258491,0.858405891929905
754,Interval_755,0.07980537522495353,0.832136601340863,0.356995552620856
755,Interval_756,0.05182329600642008,0.887517047954534,0.46412679556230896
756,Interval_757,0.26308676751933735,0.54564883523985,1.00140945208135
757,Interval_758,0.09374072968869235,0.805859389195043,0.411727763466307
762,Interval_763,0.17450958934181368,0.6690990459914721,0.613283215094677
763,Interval_764,1.2516700777600667,0.0560182996369172,1.2477233549309499
764,Interval_765,0.02699797723966707,0.93972768740925,0.112741506498932
765,Interval_766,0.0045870171116477905,0.9894935848121958,-0.0211024576473185
771,Interval_772,0.0827141566561589,0.826581809055639,0.436154134264799
772,Interval_773,0.0827141566561589,0.826581809055639,0.35532047899265
773,Interval_774,0.04541562299272432,0.9007087401653159,-0.351354645812838
776,Interval_777,0.2777236847264268,0.527565412583399,-1.24258132027347
777,Interval_778,0.14877185082816327,0.709950630427153,0.551453134441312
779,Interval_780,0.08259903026656887,0.826800955274489,-0.373448337796265
780,Interval_781,0.02704309639896911,0.939630063509792,0.141902073508958
781,Interval_782,0.19637362893360327,0.6362479134073871,0.917265932028693
782,Interval_783,0.20517972174746738,0.623476772053445,-0.805406410370419
785,Interval_786,0.2804125730150898,0.5243091380471839,-1.1631364672555802
787,Interval_788,0.06784601098734137,0.855369950044209,-0.49348118159727605
788,Interval_789,0.020944261419027627,0.9529184564231209,0.0701719160857092
790,Interval_791,0.045256790353339654,0.9010382127153531,-0.27863176920136895
793,Interval_794,0.05081953654406804,0.889570686567543,-0.378189590381818
794,Interval_795,0.24025407199353915,0.575103390545968,-0.7496263613671991
795,Interval_796,0.06401704792041785,0.8629446728238911,0.506084250045563
796,Interval_797,0.02704309639896911,0.939630063509792,0.208233979263366
798,Interval_799,0.004793309938598145,0.989023680255364,0.0200175753392269
801,Interval_802,0.26709625310745566,0.540634488320271,-1.3162484491885502
804,Interval_805,0.12735136619337084,0.7458450878577091,0.5836745868519541
806,Interval_807,0.6892059621752137,0.204547434979428,0.934679359388577
810,Interval_811,0.029616319116492918,0.9340791559744699,0.21481376222819898
812,Interval_813,0.15449316527293516,0.7006592094314389,0.59032809251946
816,Interval_817,0.010042702331154106,0.9771411380957941,-0.0666492345455648
820,Interval_821,0.4916246613842274,0.322385380038964,-1.3541349982663797
822,Interval_823,0.02704309639896911,0.939630063509792,0.199969610428599
826,Interval_827,0.0834457483541056,0.8251905610459879,-0.607197953587568
828,Interval_829,0.08259903026656887,0.826800955274489,0.579712793768845
829,Interval_830,0.02892133578237304,0.935575120509568,0.14993096577631101
832,Interval_833,0.02704309639896911,0.939630063509792,0.0973231123031232
833,Interval_834,0.08003877604464088,0.8316895102712059,0.36097336745534897
835,Interval_836,0.03138611934340166,0.9302804208150749,0.202812235674721
836,Interval_837,0.009283872969933027,0.9788499591367009,-0.035755918365296
837,Interval_838,0.13017614256614563,0.741009639249879,0.802267950732889
838,Interval_839,1.0013555983278948,0.0996883485941563,0.926858378794739
839,Interval_840,0.03505907521057975,0.922445942266058,-0.27040198266174303
840,Interval_841,0.030356006917294284,0.9324895919160491,-0.27797505292244395
842,Interval_843,2.3785578449146803,0.00418255976240741,1.93871983236936
843,Interval_844,2.8041333776385176,0.0015698805989825,1.6460358304223202
845,Interval_846,0.08825594181794702,0.816101278428821,0.582205563554172
847,Interval_848,0.03505907521057975,0.922445942266058,-0.21568557319752998
850,Interval_851,0.007045324012803314,0.983908417362711,0.0221100926523074
852,Interval_853,0.08825594181794702,0.816101278428821,0.617421963242693
853,Interval_854,0.2663944305298484,0.5415088633155261,-1.33828881874046
854,Interval_855,0.015221572814902305,0.9655581349473961,-0.083220370060185
856,Interval_857,0.10436522998326526,0.7863841835811759,0.35213470458757795
858,Interval_859,0.02704309639896911,0.939630063509792,-0.171389157325147
861,Interval_862,0.09149126795744358,0.8100442284854141,-0.6054671916454829
862,Interval_863,0.017395338084406877,0.9607373214275691,-0.119438276936699
864,Interval_865,0.9051171206158076,0.12441790360929302,1.10980240391178
865,Interval_866,0.5411074047875256,0.28766868971676,-1.41227091298527
866,Interval_867,0.002340219295442933,0.9946259381510469,0.0100113221178719
869,Interval_870,0.011311886029002398,0.9742897059969391,0.0799283387952391
870,Interval_871,0.24025407199353915,0.575103390545968,-0.905268993715605
871,Interval_872,0.2745443877249083,0.531441679929455,1.2735395644793002
873,Interval_874,0.029613190422108433,0.9340858851843921,0.11766559418395402
874,Interval_875,0.08734854328678404,0.817808192258241,-0.57081020184788
875,Interval_876,0.0515966537836692,0.8879803311415442,0.22868799331540302
876,Interval_877,0.2860677129732731,0.517526135633038,-0.6824246826526071
877,Interval_878,0.4896941533266836,0.32382162413855703,-1.01115145074384
879,Interval_880,0.1332753570686536,0.7357404657856679,0.51250429092499
880,Interval_881,0.04541562299272432,0.9007087401653159,-0.390129395453598
881,Interval_882,0.2150711894103786,0.609436990338579,-0.579516122430336
882,Interval_883,0.500879654120447,0.315587901721253,0.8099936537971129
884,Interval_885,0.007956479834253941,0.981846327816032,-0.0382950204953234
886,Interval_887,0.19282186538972837,0.641472635525897,0.5111236925838429
887,Interval_888,0.24025407199353915,0.575103390545968,-1.1599566941125201
888,Interval_889,2.8462013031846745,0.00142494695235319,-2.6523246053013
890,Interval_891,0.02892133578237304,0.935575120509568,0.23116616533478
891,Interval_892,0.06784601098734137,0.855369950044209,-0.256391806261682
892,Interval_893,0.05772095966431984,0.8755461453014208,0.291050644730913
895,Interval_896,0.029616319116492918,0.9340791559744699,0.288721084638661
896,Interval_897,0.0827141566561589,0.826581809055639,0.55180761643171
897,Interval_898,0.06784601098734137,0.855369950044209,0.37546819457586295
898,Interval_899,0.02704309639896911,0.939630063509792,0.20353391631875198
899,Interval_900,0.011311886029002398,0.9742897059969391,0.0656188302080217
900,Interval_901,0.0827141566561589,0.826581809055639,0.375735551827043
901,Interval_902,1.2278536443420534,0.0591761021885275,1.01875366356389
902,Interval_903,0.0827141566561589,0.826581809055639,-0.70725849154458
903,Interval_904,0.025739709348647156,0.94245427912937,-0.17134179670414001
909,Interval_910,0.500879654120447,0.315587901721253,1.3126523462359199
910,Interval_911,0.17450958934181368,0.6690990459914721,0.699603458095165
911,Interval_912,0.02704309639896911,0.939630063509792,-0.147024245518486
913,Interval_914,0.2804125730150898,0.5243091380471839,-0.638728614596333
914,Interval_915,0.029616319116492918,0.9340791559744699,-0.230678425080738
915,Interval_916,0.05590370060794428,0.8792174507367091,0.37082549459466496
916,Interval_917,1.3155357128461438,0.0483575497350951,1.90666040087806
917,Interval_918,2.0070703955773754,0.00983851618548951,1.76427485932769
918,Interval_919,2.068380229045975,0.00854318421271124,1.90253308710991
919,Interval_920,2.8041333776385176,0.0015698805989825,1.8411403314638302
920,Interval_921,0.003227428610626524,0.992596115786388,-0.0226845812160413
923,Interval_924,0.02704309639896911,0.939630063509792,0.172005005509444
924,Interval_925,0.3888850426771665,0.40842748237906606,-1.6001189010557602
926,Interval_927,0.08709462331687079,0.818286481893399,-0.6232330240473389
927,Interval_928,0.004793309938598145,0.989023680255364,-0.0216039722670109
928,Interval_929,0.06784601098734137,0.855369950044209,0.567252501691586
931,Interval_932,0.23721758322051004,0.579138473109344,-0.850886398169111
932,Interval_933,0.044322205204403296,0.9029793003825551,0.3623446488671289
934,Interval_935,0.029613190422108433,0.9340858851843921,-0.181368021167631
935,Interval_936,0.02704309639896911,0.939630063509792,0.15020250729128698
938,Interval_939,1.3155357128461438,0.0483575497350951,1.24107453798651
939,Interval_940,0.010042702331154106,0.9771411380957941,0.0821144349393251
940,Interval_941,0.05772095966431984,0.8755461453014208,-0.306326163331599
941,Interval_942,0.16539741078237494,0.683286105036321,0.8949285180925329
942,Interval_943,0.06829672419422611,0.8544827028704141,-0.531809229220758
943,Interval_944,1.3340330348329201,0.0463411668748914,-2.74134649630737
945,Interval_946,0.1316927298459401,0.738426493672532,-0.696944867695764
946,Interval_947,0.044322205204403296,0.9029793003825551,0.358431274844794
948,Interval_949,1.0013555983278948,0.0996883485941563,0.7790554462233291
949,Interval_950,0.2248592746368987,0.59585518847283,-0.8268155544854771
950,Interval_951,0.010042702331154106,0.9771411380957941,-0.0769822345731411
952,Interval_953,0.05590370060794428,0.8792174507367091,0.47711498416281795
953,Interval_954,0.42933487146822824,0.37210467683682,0.6307658244197341
954,Interval_955,0.002340219295442933,0.9946259381510469,0.0187071810499418
955,Interval_956,0.015221572814902305,0.9655581349473961,-0.117795430498291
956,Interval_957,0.25984769139283354,0.549733633579866,0.7043935180608359
957,Interval_958,0.2498468509321656,0.5625396635071329,0.8540162991422479
958,Interval_959,0.4677048181288732,0.340639637454293,0.660182570799842
960,Interval_961,0.07204344610405908,0.8471426631459391,0.569099576899516
961,Interval_962,0.10436522998326526,0.7863841835811759,0.591636722175101
963,Interval_964,0.25209337000868004,0.559637270806032,-1.01068786798853
964,Interval_965,0.0558385643809367,0.8793493271585971,-0.33363436296224197
965,Interval_966,0.007956479834253941,0.981846327816032,0.0429229065800883
969,Interval_970,0.13751518551218517,0.728592698143641,-0.632331102470545
972,Interval_973,0.0827141566561589,0.826581809055639,-0.45417217632172396
973,Interval_974,0.044682641952770254,0.9022301959951401,0.301031136399021
974,Interval_975,0.015221572814902305,0.9655581349473961,0.10699149427995899
978,Interval_979,0.6943027134267066,0.20216095782433,1.30483688962308
979,Interval_980,0.16905150420578055,0.677561148960813,-0.535861975052017
980,Interval_981,0.010012555206809975,0.977208969991146,-0.0799565493213584
981,Interval_982,0.005121820122851773,0.9882758432152049,-0.0292026152740141
982,Interval_983,0.7170456169955811,0.19184672200186398,-1.56218536734658
983,Interval_984,0.03929148132722432,0.91349993055423,0.28317033438385103
985,Interval_986,0.25984769139283354,0.549733633579866,-1.28529419768646
987,Interval_988,0.13264480221277883,0.736809467795497,-0.450636555869989
992,Interval_993,0.25582435907584294,0.554850064586082,0.7150143962513621
994,Interval_995,0.004793309938598145,0.989023680255364,-0.0229534424338962
996,Interval_997,0.10436522998326526,0.7863841835811759,-0.594022055798697
997,Interval_998,0.500879654120447,0.315587901721253,-1.09370032200956
999,Interval_1000,0.04541562299272432,0.9007087401653159,-0.360817929725435
1000,Interval_1001,0.06610618217134505,0.858803523968524,-0.301409301937216
1002,Interval_1003,0.06784601098734137,0.855369950044209,-0.49307261326177704
1005,Interval_1006,0.4113978194037305,0.387794977993161,0.8970084392640258
1006,Interval_1007,0.05772095966431984,0.8755461453014208,0.44334394499243496
1007,Interval_1008,0.17562077395468992,0.667389279330711,0.5337429494528511
1008,Interval_1009,0.021156892043463434,0.9524520216382909,0.0971525536495288
1009,Interval_1010,0.13164399252343917,0.738509365896593,0.42622661467065903
1012,Interval_1013,0.8553140401275221,0.139535900632454,0.9308790478937429
1015,Interval_1016,0.2777236847264268,0.527565412583399,-1.12037231429671
1016,Interval_1017,0.26879009916399016,0.53852999900461,0.989631544946405
1017,Interval_1018,0.030319757623223535,0.932567427351598,-0.180098191366774
1018,Interval_1019,0.04541562299272432,0.9007087401653159,0.42866294641764
1019,Interval_1020,0.05182329600642008,0.887517047954534,0.251856186899975
1020,Interval_1021,0.4980650683509039,0.317639812982922,0.9332961264444741
1021,Interval_1022,0.38471237946281545,0.412370529628525,0.7286020752021469
1022,Interval_1023,0.16905150420578055,0.677561148960813,0.5223118700618811
1023,Interval_1024,1.4305391984234421,0.0371074235672334,-1.53315579347654
1025,Interval_1026,0.07980537522495353,0.832136601340863,0.5245114614226729
1026,Interval_1027,0.02704309639896911,0.939630063509792,-0.11237990516236501
1027,Interval_1028,0.1332753570686536,0.7357404657856679,-0.800040074823149
1028,Interval_1029,0.06610618217134505,0.858803523968524,0.461084857324267
1029,Interval_1030,0.4916246613842274,0.322385380038964,0.819708242710522
1030,Interval_1031,2.5369647876826615,0.00290425812029955,1.28280289086393
1031,Interval_1032,0.08825594181794702,0.816101278428821,0.42459091975870294
1032,Interval_1033,0.28825115002500856,0.5149307769273821,1.12072028583928
1033,Interval_1034,0.10436522998326526,0.7863841835811759,-0.6543732352478121
1034,Interval_1035,0.19547306412939405,0.63756862317531,-1.01627933556235
1036,Interval_1037,1.4762402350694206,0.0334010227253482,1.57121935265147
1037,Interval_1038,0.045263839578484455,0.9010235876856959,0.29084686472849003
1041,Interval_1042,0.010042702331154106,0.9771411380957941,-0.0831936640937208
1042,Interval_1043,0.044322205204403296,0.9029793003825551,-0.18727884361348898
1045,Interval_1046,0.007941385457380832,0.98188045354563,-0.0405121565128981
1046,Interval_1047,0.02704309639896911,0.939630063509792,-0.18217267586898603
1047,Interval_1048,0.044322205204403296,0.9029793003825551,0.3555304399630179
1048,Interval_1049,0.09325696262630517,0.8067575480599759,-0.5620866791165811
1049,Interval_1050,0.0827141566561589,0.826581809055639,0.484128341102466
1051,Interval_1052,0.05251085631106273,0.886113072700201,0.30786536220535804
1052,Interval_1053,0.021156892043463434,0.9524520216382909,-0.11095107506394099
1053,Interval_1054,0.03505907521057975,0.922445942266058,0.19567670846051802
1055,Interval_1056,0.1332753570686536,0.7357404657856679,0.9178255307664142
1057,Interval_1058,0.05772095966431984,0.8755461453014208,-0.284358143827906
1058,Interval_1059,0.02704309639896911,0.939630063509792,0.160744103246229
1059,Interval_1060,0.017118972472354433,0.9613488863166361,0.0839265287069511
1062,Interval_1063,0.08003877604464088,0.8316895102712059,-0.395623351746884
1063,Interval_1064,0.0022180924467051096,0.9949056737161359,-0.0102569252978101
1064,Interval_1065,0.09143961972843065,0.810140568271912,0.444826917036265
1065,Interval_1066,0.10436522998326526,0.7863841835811759,0.7575304496473501
1066,Interval_1067,0.884620326006687,0.13043065462686698,-1.5479023654791901
1067,Interval_1068,0.029616319116492918,0.9340791559744699,0.19464545555899299
1069,Interval_1070,0.03474721012987906,0.923108584794077,0.323982265180817
1071,Interval_1072,0.010042702331154106,0.9771411380957941,0.0626764203406314
1072,Interval_1073,0.029616319116492918,0.9340791559744699,0.129090069891186
1077,Interval_1078,0.2777236847264268,0.527565412583399,-0.7663833242393929
1078,Interval_1079,0.04671022815342989,0.8980277806375658,-0.31259003199223195
1079,Interval_1080,0.06784601098734137,0.855369950044209,-0.26628698187031
1081,Interval_1082,0.4677048181288732,0.340639637454293,1.06404915892524
1082,Interval_1083,0.0827141566561589,0.826581809055639,0.551244615283324
1083,Interval_1084,0.045256790353339654,0.9010382127153531,0.210127072411593
1084,Interval_1085,0.010042702331154106,0.9771411380957941,0.0372241969197534
1086,Interval_1087,0.08173532778365794,0.828446890535736,-0.550659861175402
1088,Interval_1089,0.37612423452237775,0.42060629230235597,-1.28221047324713
1089,Interval_1090,0.057925211921233476,0.875134465583836,-0.253427274793088
1092,Interval_1093,0.07204344610405908,0.8471426631459391,0.394950230440185
1093,Interval_1094,1.9943245453826766,0.010131539795278999,-2.15227709141709
1097,Interval_1098,0.029616319116492918,0.9340791559744699,0.136035510761325
1098,Interval_1099,0.06784601098734137,0.855369950044209,-0.543860540005409
1100,Interval_1101,0.05590370060794428,0.8792174507367091,-0.23534741847514398
1102,Interval_1103,0.25984769139283354,0.549733633579866,0.579422963065953
1104,Interval_1105,0.06784601098734137,0.855369950044209,0.315714229984644
1109,Interval_1110,0.9606093814945296,0.10949407486412499,-1.7543280972979098
1112,Interval_1113,0.010012555206809975,0.977208969991146,-0.07904175412827401
1114,Interval_1115,0.029616319116492918,0.9340791559744699,-0.278423952162668
1115,Interval_1116,0.045256790353339654,0.9010382127153531,-0.17937919728751997
1116,Interval_1117,0.11627190102917644,0.765117435833399,-0.512851195522924
1118,Interval_1119,0.02892133578237304,0.935575120509568,0.153400963109261
1121,Interval_1122,0.03474721012987906,0.923108584794077,-0.290587022389588
1122,Interval_1123,0.04541562299272432,0.9007087401653159,-0.335630396459424
1123,Interval_1124,0.25582435907584294,0.554850064586082,0.65104189148497
1126,Interval_1127,1.7813302161579718,0.0165451147595516,-1.16361066071957
1127,Interval_1128,0.045256790353339654,0.9010382127153531,0.341649134533192
1128,Interval_1129,0.004793309938598145,0.989023680255364,0.0276568450308728
1129,Interval_1130,0.1526561147693053,0.7036292505944051,0.886268869612717
1131,Interval_1132,0.13867006329889944,0.7266577950440709,-0.615575851543182
1132,Interval_1133,0.020944261419027627,0.9529184564231209,0.0925418382275049
1135,Interval_1136,0.0827141566561589,0.826581809055639,-0.5522907472404499
1136,Interval_1137,0.044322205204403296,0.9029793003825551,0.279926613359828
1137,Interval_1138,0.004793309938598145,0.989023680255364,0.0330867670010308
1140,Interval_1141,0.03474721012987906,0.923108584794077,-0.30990010420882297
1141,Interval_1142,0.19637362893360327,0.6362479134073871,0.986058144794496
1143,Interval_1144,0.4329540177065496,0.36901666730148397,0.8490173892853901
1144,Interval_1145,2.8462013031846745,0.00142494695235319,1.5898300206688503
1145,Interval_1146,2.8041333776385176,0.0015698805989825,1.6061279108475
1151,Interval_1152,0.11743689341911376,0.763067763164432,0.751813406748212
1152,Interval_1153,0.19637362893360327,0.6362479134073871,-1.0405852261328499
1153,Interval_1154,0.04541562299272432,0.9007087401653159,0.250191942294577
1155,Interval_1156,0.02892133578237304,0.935575120509568,-0.223307350232256
1157,Interval_1158,0.002340219295442933,0.9946259381510469,0.00871184044975226
1158,Interval_1159,0.2804125730150898,0.5243091380471839,0.868285967277141
1159,Interval_1160,0.055926906994958704,0.8791704712880508,0.459597245729582
1160,Interval_1161,0.25582435907584294,0.554850064586082,1.1457977761856202
1161,Interval_1162,0.015221572814902305,0.9655581349473961,-0.120320720667754
1162,Interval_1163,0.044322205204403296,0.9029793003825551,0.339177168830818
1163,Interval_1164,0.25984769139283354,0.549733633579866,-1.37243890270463
1164,Interval_1165,0.04072350004834823,0.9104927667149971,0.293525524302719
1165,Interval_1166,0.005121820122851773,0.9882758432152049,0.0404794682635666
1168,Interval_1169,0.0045870171116477905,0.9894935848121958,-0.0176960806753172
1171,Interval_1172,0.0827141566561589,0.826581809055639,-0.555818773963533
1173,Interval_1174,1.4622638163958264,0.0344934142090778,-3.41314012834594
1174,Interval_1175,0.13836315344914976,0.727171495458344,-0.8546679401872141
1175,Interval_1176,0.029616319116492918,0.9340791559744699,0.18802246332798
1176,Interval_1177,0.05725048140903894,0.876495152584201,-0.25392758321232
1177,Interval_1178,0.0515966537836692,0.8879803311415442,-0.431066019466535
1178,Interval_1179,0.19637362893360327,0.6362479134073871,-1.1761566999138
1179,Interval_1180,0.02704309639896911,0.939630063509792,0.12662253797992498
1180,Interval_1181,0.6892059621752137,0.204547434979428,-1.50518572364317
1182,Interval_1183,0.2804125730150898,0.5243091380471839,-1.24074918447729
1184,Interval_1185,0.02892133578237304,0.935575120509568,-0.12298004739103499
1187,Interval_1188,0.03474721012987906,0.923108584794077,0.16383086496637603
1190,Interval_1191,0.04072350004834823,0.9104927667149971,-0.32850773823784696
1191,Interval_1192,0.2248592746368987,0.59585518847283,0.886570108788795
1194,Interval_1195,0.021156892043463434,0.9524520216382909,0.12238526478946
1196,Interval_1197,1.1974986458178694,0.0634601879742753,2.3946402009098
1198,Interval_1199,0.03603315421741577,0.920379306940489,-0.181633710046091
1200,Interval_1201,0.0827141566561589,0.826581809055639,-0.40731994001710703
1202,Interval_1203,0.02892133578237304,0.935575120509568,0.251488489837743
1205,Interval_1206,0.4677048181288732,0.340639637454293,1.23013606758068
1208,Interval_1209,0.17806539219113202,0.663643137411668,-0.9748494823491821
1209,Interval_1210,0.02704309639896911,0.939630063509792,0.12627226208996
1210,Interval_1211,0.044682641952770254,0.9022301959951401,0.211426496618166
1211,Interval_1212,0.058290425547389516,0.8743988433357971,-0.32587429426356
1212,Interval_1213,0.020944261419027627,0.9529184564231209,-0.14595656692846498
1214,Interval_1215,0.30396583946490324,0.49663138371642,-1.3524946442656
1216,Interval_1217,0.045256790353339654,0.9010382127153531,0.27824586822233194
1217,Interval_1218,0.007045324012803314,0.983908417362711,-0.029351816788676002
1219,Interval_1220,0.16963594869860543,0.67664994569905,0.805326797502036
1220,Interval_1221,0.25984769139283354,0.549733633579866,0.882918826750727
1221,Interval_1222,0.0827141566561589,0.826581809055639,0.39700167370981104
1222,Interval_1223,0.13867006329889944,0.7266577950440709,-0.883637484673013
1223,Interval_1224,0.02704309639896911,0.939630063509792,0.181875615363846
1225,Interval_1226,0.0827141566561589,0.826581809055639,-0.514475188911704
1227,Interval_1228,0.27067308023349135,0.536200135958814,0.9192390778432779
1229,Interval_1230,0.2928504955741185,0.509506236692385,-0.8661530261780269
1230,Interval_1231,0.2109276009988279,0.615279434233344,0.440570839082422
1233,Interval_1234,0.08284113777098355,0.826340164408793,0.5879660550819711
1236,Interval_1237,0.04923078932878989,0.8928308965305971,-0.28829082361217895
1239,Interval_1240,2.068380229045975,0.00854318421271124,1.6246326067734098
1240,Interval_1241,2.9332936404685985,0.0011660209661937802,1.62913336938494
1242,Interval_1243,0.06784601098734137,0.855369950044209,0.46232723380116003
1243,Interval_1244,1.1908332267817445,0.0644416680151411,1.82535971402207
1248,Interval_1249,0.08003877604464088,0.8316895102712059,-0.469276930962859
1249,Interval_1250,0.09988664189431806,0.794535594707396,0.499480005964136
1250,Interval_1251,0.021156892043463434,0.9524520216382909,-0.109233481029511
1251,Interval_1252,0.12750863382762687,0.74557504975691,0.40996633572659297
1252,Interval_1253,0.02492306658496341,0.944228127456854,0.129630043846232
1253,Interval_1254,0.045256790353339654,0.9010382127153531,0.319304409416441
1255,Interval_1256,0.26709625310745566,0.540634488320271,0.46608560797629206
1257,Interval_1258,0.010042702331154106,0.9771411380957941,0.0749544678767554
1258,Interval_1259,0.0827141566561589,0.826581809055639,0.527560420797961
1260,Interval_1261,1.4305391984234421,0.0371074235672334,0.9855549484349059
1261,Interval_1262,0.2804125730150898,0.5243091380471839,1.02768064900095
1262,Interval_1263,0.2926406439486393,0.5097524902200921,1.19186438377611
1264,Interval_1265,0.038889256546979466,0.914346366616952,0.18040418895647897
1265,Interval_1266,0.04484346655525085,0.901896150881357,-0.275751443878516
1267,Interval_1268,0.16678205618513767,0.681111077762077,-0.48571757318847497
1268,Interval_1269,0.045263839578484455,0.9010235876856959,0.22313182679973897
1271,Interval_1272,0.029613190422108433,0.9340858851843921,-0.158637835841814
1272,Interval_1273,0.08284113777098355,0.826340164408793,-0.554949522755795
1273,Interval_1274,0.07975312458817675,0.832236722997423,0.443081991667442
1275,Interval_1276,0.07980537522495353,0.832136601340863,-0.324193843974457
1277,Interval_1278,0.13264480221277883,0.736809467795497,0.5663362451141529
1281,Interval_1282,0.09823047905301438,0.797571305731046,-0.7522652032616429
1282,Interval_1283,0.17806539219113202,0.663643137411668,-0.731854594742079
1284,Interval_1285,0.5632323554369082,0.27338056992590803,-1.2393648617350501
1285,Interval_1286,0.21651018846564737,0.607421012715417,-0.7618113333421509
1288,Interval_1289,0.2804125730150898,0.5243091380471839,-0.7913677689858721
1290,Interval_1291,0.9919248617027361,0.101876763216231,-2.00408176491709
1293,Interval_1294,0.06401704792041785,0.8629446728238911,-0.282144520930648
1294,Interval_1295,0.08003877604464088,0.8316895102712059,-0.47353698165813296
1295,Interval_1296,0.2804125730150898,0.5243091380471839,-0.743545010318556
1296,Interval_1297,0.029616319116492918,0.9340791559744699,-0.253447827459974
1297,Interval_1298,0.4488470832551323,0.35575655976142695,-1.1325073652479198
1299,Interval_1300,0.1332753570686536,0.7357404657856679,0.582945583229473
1300,Interval_1301,0.044322205204403296,0.9029793003825551,-0.201766284462068
1301,Interval_1302,0.1077575827674521,0.7802655225211221,0.42607150716394393
1302,Interval_1303,0.018606540912210923,0.958061656253094,-0.0886064143017445
1303,Interval_1304,0.08734854328678404,0.817808192258241,-0.455586078739437
1304,Interval_1305,0.08259903026656887,0.826800955274489,-0.47254149162486003
1307,Interval_1308,0.500879654120447,0.315587901721253,-1.69937679021506
1310,Interval_1311,0.1332753570686536,0.7357404657856679,-0.840556722649394
1311,Interval_1312,0.002340219295442933,0.9946259381510469,0.00866736961700423
1314,Interval_1315,0.3916620765412046,0.405824183420193,-0.7896359994959201
1318,Interval_1319,0.16905150420578055,0.677561148960813,-0.598834109055974
1319,Interval_1320,0.06784601098734137,0.855369950044209,-0.40094696421650605
1320,Interval_1321,0.1077575827674521,0.7802655225211221,-0.48859491887849504
1322,Interval_1323,1.0820867160476182,0.0827776864110837,-2.1351686377537797
1324,Interval_1325,0.07267231103930825,0.8459168755346569,0.413866581378251
1326,Interval_1327,0.029616319116492918,0.9340791559744699,-0.161005135681647
1327,Interval_1328,0.021156892043463434,0.9524520216382909,-0.0997609945264534
1329,Interval_1330,0.20607071351325204,0.622198968069923,0.520346222976995
1330,Interval_1331,0.3056209833955089,0.49474226911015207,-1.03461984426182
1333,Interval_1334,0.06784601098734137,0.855369950044209,-0.307993711636291
1334,Interval_1335,0.4409336451415532,0.362298348922463,1.08776240873903
1336,Interval_1337,0.01237682811297874,0.971903557705959,-0.0598805268523295
1337,Interval_1338,0.06784601098734137,0.855369950044209,0.502329766742135
1339,Interval_1340,0.27067308023349135,0.536200135958814,0.723895940621482
1340,Interval_1341,0.0515966537836692,0.8879803311415442,0.286787151318604
1342,Interval_1343,0.02704309639896911,0.939630063509792,0.101881917979753
1343,Interval_1344,0.06784601098734137,0.855369950044209,-0.49828884525586503
1344,Interval_1345,0.06784601098734137,0.855369950044209,0.376463133286295
1345,Interval_1346,0.37514369133758174,0.42155700335633395,0.9238305725900179
1346,Interval_1347,0.05772095966431984,0.8755461453014208,-0.24814473852086202
1347,Interval_1348,0.08160365980329118,0.8286980944316709,0.353714519236938
1349,Interval_1350,0.0827141566561589,0.826581809055639,-0.499709665879568
1352,Interval_1353,0.06784601098734137,0.855369950044209,-0.372810462927965
1353,Interval_1354,0.10436522998326526,0.7863841835811759,0.283146097564971
1355,Interval_1356,0.02704309639896911,0.939630063509792,0.0758480727651869
1356,Interval_1357,0.02704309639896911,0.939630063509792,0.142437025018665
1357,Interval_1358,0.10436522998326526,0.7863841835811759,-0.754456385385739
1359,Interval_1360,0.16678205618513767,0.681111077762077,-0.8200251105835229
1361,Interval_1362,0.1332753570686536,0.7357404657856679,-0.7022775075920831
1362,Interval_1363,0.16905150420578055,0.677561148960813,0.6638657020361209
1368,Interval_1369,0.11743689341911376,0.763067763164432,0.720872484001316
1371,Interval_1372,0.044322205204403296,0.9029793003825551,-0.20657009492207198
1372,Interval_1373,0.09988664189431806,0.794535594707396,0.55267980160103
1373,Interval_1374,0.015221572814902305,0.9655581349473961,-0.0805829229655839
1374,Interval_1375,0.816605563701489,0.152543756253901,0.941940827603805
1375,Interval_1376,0.08828494372075961,0.816046781536314,0.447677457300371
1377,Interval_1378,0.010012555206809975,0.977208969991146,-0.0782231796294802
1379,Interval_1380,0.046145757552027676,0.8991957435556001,0.267456207964034
1380,Interval_1381,0.02704309639896911,0.939630063509792,0.21423857867787
1382,Interval_1383,1.0013555983278948,0.0996883485941563,-1.15505156907533
1384,Interval_1385,0.24025407199353915,0.575103390545968,-0.7001958832089029
1388,Interval_1389,0.02704309639896911,0.939630063509792,0.17338273227686402
1391,Interval_1392,0.05772095966431984,0.8755461453014208,0.19509130872270897
1392,Interval_1393,0.005808960336634333,0.9867134306986551,0.0408803837522126
1394,Interval_1395,0.017118972472354433,0.9613488863166361,-0.102177953381808
1396,Interval_1397,0.029613190422108433,0.9340858851843921,-0.24661402352432601
1397,Interval_1398,0.030356006917294284,0.9324895919160491,0.182287083692028
1398,Interval_1399,0.029616319116492918,0.9340791559744699,-0.175935288028752
1400,Interval_1401,0.02704309639896911,0.939630063509792,-0.18304080165000197
1402,Interval_1403,0.04541562299272432,0.9007087401653159,-0.17998654121054802
1405,Interval_1406,0.04541562299272432,0.9007087401653159,-0.376725303661425
1406,Interval_1407,0.045915902420751296,0.8996717787552941,0.298329799178167
1408,Interval_1409,0.003227428610626524,0.992596115786388,-0.0182507323471458
1409,Interval_1410,0.10786509684144945,0.780072383658853,0.52940858479163
1410,Interval_1411,0.18152570655573894,0.658376458478769,-0.9763579879556279
1411,Interval_1412,0.029613190422108433,0.9340858851843921,-0.222359473251305
1412,Interval_1413,0.015221572814902305,0.9655581349473961,-0.0554003086338991
1413,Interval_1414,0.43276505700331414,0.36917726068612106,-0.653464238943855
1414,Interval_1415,0.045263839578484455,0.9010235876856959,-0.26270242180785996
1415,Interval_1416,0.09325696262630517,0.8067575480599759,-0.474978079123783
1416,Interval_1417,0.09325696262630517,0.8067575480599759,-0.5748306139196221
1422,Interval_1423,0.3158628810982288,0.48321134127902904,-1.1922676884006298
1423,Interval_1424,0.09988664189431806,0.794535594707396,-0.342322604294931
1424,Interval_1425,0.029613190422108433,0.9340858851843921,-0.21350282415582697
1425,Interval_1426,1.0593778658134467,0.0872212154102394,-1.6491208972737301
1427,Interval_1428,0.5842528796584181,0.26046364886238,-1.99570805098765
1428,Interval_1429,0.16905150420578055,0.677561148960813,-0.990531699212195
1429,Interval_1430,0.02704309639896911,0.939630063509792,0.18030983005513396
1430,Interval_1431,0.18259274352181631,0.6567608503182901,0.8259683318040469
1431,Interval_1432,0.029616319116492918,0.9340791559744699,0.15770359001203
1434,Interval_1435,0.08003877604464088,0.8316895102712059,-0.54054846231009
1435,Interval_1436,0.04541562299272432,0.9007087401653159,-0.1865796157341
1436,Interval_1437,0.5151621070456822,0.30537810300609197,-0.7453043649325359
1437,Interval_1438,0.002340219295442933,0.9946259381510469,0.0100113221178719
1440,Interval_1441,0.044322205204403296,0.9029793003825551,-0.18157966610608398
1442,Interval_1443,0.05182329600642008,0.887517047954534,0.484952813044113
1443,Interval_1444,0.005808960336634333,0.9867134306986551,-0.0357276088025676
1445,Interval_1446,0.2804125730150898,0.5243091380471839,0.912093772711845
1447,Interval_1448,0.002340219295442933,0.9946259381510469,-0.0175613241069861
1448,Interval_1449,0.0045870171116477905,0.9894935848121958,0.0316399149339434
1451,Interval_1452,0.19722613770122044,0.63500020032337,0.9218294724723901
1452,Interval_1453,0.0827141566561589,0.826581809055639,0.510484727600149
1455,Interval_1456,0.03474721012987906,0.923108584794077,0.20467171615278
1456,Interval_1457,0.045263839578484455,0.9010235876856959,0.30649939406864396
1457,Interval_1458,0.010042702331154106,0.9771411380957941,0.0504572641745604
1459,Interval_1460,0.2804125730150898,0.5243091380471839,-0.6164695133060529
1460,Interval_1461,0.0193579316625938,0.9564055074648459,0.0802309963388494
1461,Interval_1462,0.10436522998326526,0.7863841835811759,0.43768211530198
1462,Interval_1463,0.15292578508288315,0.70319247548024,-0.654596343135418
1468,Interval_1469,0.24864929831454308,0.564092988592922,-0.96526372295176
1469,Interval_1470,0.24905730609430338,0.5635632875273039,-1.06082221775075
1470,Interval_1471,0.09988664189431806,0.794535594707396,0.43166559912620395
1471,Interval_1472,0.2804125730150898,0.5243091380471839,0.8949129982963779
